CODI_PROVINCIA,PROVINCIA,CODI_MUNICIPI,MUNICIPI,ESTACIO,CODI_CONTAMINANT,ANY,MES,DIA,H01,V01,H02,V02,H03,V03,H04,V04,H05,V05,H06,V06,H07,V07,H08,V08,H09,V09,H10,V10,H11,V11,H12,V12,H13,V13,H14,V14,H15,V15,H16,V16,H17,V17,H18,V18,H19,V19,H20,V20,H21,V21,H22,V22,H23,V23,H24,V24
08,Barcelona,019,Barcelona,043,6,2020,7,26,0.2,V,,N,0.2,V,0.2,V,0.2,V,0.2,V,0.2,V,0.2,V,0.2,V,0.2,V,0.2,V,0.2,V,0.2,V,0.2,V,0.2,V,0.2,V,0.2,V,0.2,V,0.2,V,0.2,V,0.2,V,0.2,V,0.2,V,0.2,V
08,Barcelona,019,Barcelona,043,6,2020,7,27,0.2,V,,N,0.2,V,0.2,V,0.2,V,0.2,V,0.2,V,0.3,V,0.2,V,0.3,V,0.3,V,0.3,V,0.3,V,0.3,V,0.3,V,0.3,V,0.2,V,0.3,V,0.3,V,0.3,V,0.3,V,0.3,V,0.2,V,0.2,V
08,Barcelona,019,Barcelona,043,6,2020,7,28,0.2,V,,N,0.2,V,0.2,V,0.2,V,0.2,V,0.2,V,0.3,V,0.6,V,0.6,V,0.6,V,0.3,V,,N,,N,,N,0.3,V,0.3,V,0.3,V,0.4,V,0.6,V,0.5,V,0.4,V,0.3,V,0.2,V
08,Barcelona,019,Barcelona,043,6,2020,7,29,0.2,V,,N,0.2,V,0.2,V,0.2,V,0.2,V,0.2,V,,N,,N,,N,,N,,N,,N,,N,,N,,N,,N,,N,,N,,N,,N,,N,,N,,N
08,Barcelona,019,Barcelona,044,6,2020,7,26,0.2,V,0.2,V,0.2,V,0.2,V,0.2,V,0.2,V,0.2,V,0.2,V,0.2,V,0.2,V,0.2,V,0.2,V,0.2,V,0.2,V,0.2,V,0.2,V,0.2,V,0.2,V,0.2,V,0.2,V,0.3,V,0.2,V,0.2,V,0.3,V
08,Barcelona,019,Barcelona,044,6,2020,7,27,0.3,V,0.2,V,0.2,V,0.2,V,0.2,V,0.2,V,0.2,V,0.3,V,0.4,V,0.4,V,0.3,V,0.3,V,0.3,V,0.3,V,0.3,V,0.2,V,0.2,V,0.3,V,0.3,V,0.3,V,0.3,V,0.3,V,0.3,V,0.3,V
08,Barcelona,019,Barcelona,044,6,2020,7,28,0.2,V,0.2,V,0.2,V,0.2,V,0.2,V,0.2,V,0.2,V,0.3,V,0.3,V,0.5,V,0.5,V,0.3,V,0.2,V,0.2,V,0.2,V,0.2,V,0.3,V,0.2,V,0.3,V,0.4,V,0.3,V,0.3,V,0.3,V,0.2,V
08,Barcelona,019,Barcelona,044,6,2020,7,29,0.2,V,0.2,V,0.2,V,0.2,V,0.2,V,0.2,V,0.3,V,,N,,N,,N,,N,,N,,N,,N,,N,,N,,N,,N,,N,,N,,N,,N,,N,,N
08,Barcelona,019,Barcelona,057,6,2020,7,26,0.2,V,0.2,V,0.2,V,0.2,V,0.2,V,0.2,V,0.2,V,0.2,V,0.2,V,0.2,V,0.2,V,0.2,V,0.2,V,0.2,V,0.2,V,0.2,V,0.2,V,0.2,V,0.2,V,0.2,V,0.2,V,0.2,V,0.2,V,0.2,V
08,Barcelona,019,Barcelona,057,6,2020,7,27,0.2,V,0.2,V,0.2,V,0.2,V,0.2,V,0.2,V,0.2,V,0.2,V,0.2,V,0.2,V,0.2,V,0.2,V,0.2,V,0.2,V,0.2,V,0.2,V,0.2,V,0.2,V,0.2,V,0.2,V,0.2,V,0.2,V,0.2,V,0.2,V
08,Barcelona,019,Barcelona,057,6,2020,7,28,0.2,V,0.2,V,0.2,V,0.2,V,0.2,V,0.2,V,0.2,V,0.2,V,0.2,V,,N,,N,,N,0.2,V,0.2,V,0.2,V,0.2,V,0.2,V,0.2,V,0.2,V,0.2,V,0.2,V,0.2,V,0.2,V,0.2,V
08,Barcelona,019,Barcelona,057,6,2020,7,29,0.2,V,0.2,V,0.2,V,0.2,V,0.2,V,0.2,V,0.2,V,,N,,N,,N,,N,,N,,N,,N,,N,,N,,N,,N,,N,,N,,N,,N,,N,,N
08,Barcelona,019,Barcelona,054,6,2020,7,26,0.2,V,0.2,V,0.2,V,0.2,V,0.2,V,0.2,V,0.2,V,0.2,V,0.2,V,0.2,V,0.2,V,0.2,V,0.2,V,0.2,V,0.2,V,0.2,V,0.2,V,0.2,V,0.2,V,0.2,V,0.2,V,0.2,V,0.2,V,0.2,V
08,Barcelona,019,Barcelona,054,6,2020,7,27,0.2,V,0.2,V,0.2,V,0.2,V,0.2,V,0.2,V,0.2,V,0.3,V,0.2,V,0.2,V,0.2,V,0.2,V,0.2,V,,N,,N,,N,0.2,V,0.2,V,0.2,V,0.2,V,0.2,V,0.2,V,0.3,V,0.2,V
08,Barcelona,019,Barcelona,054,6,2020,7,28,0.2,V,0.2,V,0.2,V,0.2,V,0.2,V,0.3,V,0.3,V,0.4,V,0.3,V,0.3,V,0.3,V,0.3,V,0.2,V,0.2,V,0.2,V,0.2,V,0.2,V,0.2,V,0.2,V,0.2,V,0.2,V,0.2,V,0.2,V,0.2,V
08,Barcelona,019,Barcelona,054,6,2020,7,29,0.2,V,0.2,V,0.2,V,0.2,V,0.2,V,0.3,V,0.4,V,,N,,N,,N,,N,,N,,N,,N,,N,,N,,N,,N,,N,,N,,N,,N,,N,,N
08,Barcelona,019,Barcelona,050,7,2020,7,26,1,V,1,V,1,V,1,V,1,V,1,V,1,V,2,V,2,V,3,V,3,V,1,V,1,V,1,V,1,V,1,V,1,V,1,V,1,V,1,V,1,V,1,V,2,V,1,V
08,Barcelona,019,Barcelona,050,7,2020,7,27,1,V,1,V,1,V,1,V,1,V,1,V,3,V,15,V,29,V,26,V,29,V,8,V,2,V,2,V,2,V,2,V,3,V,2,V,2,V,3,V,2,V,1,V,7,V,2,V
08,Barcelona,019,Barcelona,050,7,2020,7,28,1,V,1,V,1,V,1,V,3,V,2,V,4,V,11,V,21,V,25,V,11,V,2,V,1,V,1,V,1,V,1,V,1,V,1,V,1,V,1,V,1,V,1,V,3,V,1,V
08,Barcelona,019,Barcelona,050,7,2020,7,29,1,V,1,V,1,V,1,V,1,V,1,V,2,V,,N,,N,,N,,N,,N,,N,,N,,N,,N,,N,,N,,N,,N,,N,,N,,N,,N
08,Barcelona,019,Barcelona,043,7,2020,7,26,4,V,2,V,2,V,1,V,1,V,1,V,1,V,2,V,2,V,3,V,10,V,9,V,6,V,5,V,4,V,2,V,3,V,4,V,6,V,6,V,6,V,5,V,5,V,4,V
08,Barcelona,019,Barcelona,043,7,2020,7,27,5,V,3,V,1,V,1,V,1,V,1,V,2,V,8,V,5,V,15,V,18,V,25,V,22,V,19,V,18,V,14,V,16,V,12,V,13,V,16,V,11,V,7,V,5,V,7,V
08,Barcelona,019,Barcelona,043,7,2020,7,28,2,V,1,V,1,V,4,V,4,V,3,V,7,V,16,V,36,V,51,V,60,V,22,V,,N,,N,,N,12,V,13,V,13,V,12,V,18,V,12,V,5,V,6,V,3,V
08,Barcelona,019,Barcelona,043,7,2020,7,29,4,V,3,V,6,V,1,V,2,V,3,V,10,V,,N,,N,,N,,N,,N,,N,,N,,N,,N,,N,,N,,N,,N,,N,,N,,N,,N
08,Barcelona,019,Barcelona,044,7,2020,7,26,1,V,1,V,1,V,1,V,1,V,1,V,2,V,1,V,1,V,1,V,9,V,2,V,2,V,1,V,3,V,4,V,3,V,2,V,2,V,2,V,2,V,2,V,3,V,2,V
08,Barcelona,019,Barcelona,044,7,2020,7,27,2,V,1,V,2,V,1,V,1,V,1,V,3,V,11,V,19,V,8,V,8,V,10,V,9,V,10,V,4,V,5,V,6,V,6,V,12,V,7,V,3,V,2,V,2,V,1,V
08,Barcelona,019,Barcelona,044,7,2020,7,28,1,V,1,V,2,V,5,V,8,V,3,V,5,V,9,V,14,V,27,V,29,V,13,V,8,V,11,V,6,V,8,V,13,V,5,V,10,V,5,V,3,V,4,V,2,V,2,V
08,Barcelona,019,Barcelona,044,7,2020,7,29,1,V,1,V,3,V,3,V,2,V,3,V,7,V,,N,,N,,N,,N,,N,,N,,N,,N,,N,,N,,N,,N,,N,,N,,N,,N,,N
08,Barcelona,019,Barcelona,058,7,2020,7,26,1,V,1,V,1,V,1,V,8,V,15,V,1,V,1,V,1,V,1,V,2,V,3,V,1,V,1,V,1,V,1,V,1,V,1,V,1,V,1,V,1,V,1,V,1,V,1,V
08,Barcelona,019,Barcelona,058,7,2020,7,27,1,V,1,V,1,V,1,V,14,V,1,V,1,V,1,V,1,V,1,V,,N,,N,1,V,1,V,1,V,1,V,1,V,1,V,1,V,1,V,1,V,1,V,1,V,1,V
08,Barcelona,019,Barcelona,058,7,2020,7,28,1,V,1,V,1,V,1,V,1,V,1,V,1,V,1,V,1,V,4,V,4,V,10,V,3,V,1,V,2,V,2,V,2,V,3,V,3,V,2,V,1,V,1,V,1,V,1,V
08,Barcelona,019,Barcelona,058,7,2020,7,29,1,V,1,V,1,V,1,V,1,V,1,V,1,V,,N,,N,,N,,N,,N,,N,,N,,N,,N,,N,,N,,N,,N,,N,,N,,N,,N
08,Barcelona,019,Barcelona,057,7,2020,7,26,,N,,N,,N,,N,,N,,N,,N,,N,,N,,N,,N,,N,,N,,N,,N,,N,,N,,N,,N,,N,,N,,N,,N,,N
08,Barcelona,019,Barcelona,057,7,2020,7,27,,N,,N,,N,,N,,N,,N,,N,,N,,N,,N,,N,,N,,N,,N,,N,,N,,N,,N,,N,,N,,N,,N,,N,,N
08,Barcelona,019,Barcelona,057,7,2020,7,28,,N,,N,,N,,N,,N,,N,,N,,N,,N,,N,,N,,N,3,V,3,V,1,V,2,V,2,V,2,V,2,V,1,V,1,V,1,V,1,V,1,V
08,Barcelona,019,Barcelona,057,7,2020,7,29,1,V,1,V,1,V,1,V,1,V,1,V,1,V,,N,,N,,N,,N,,N,,N,,N,,N,,N,,N,,N,,N,,N,,N,,N,,N,,N
08,Barcelona,019,Barcelona,004,7,2020,7,26,1,V,1,V,1,V,1,V,1,V,1,V,1,V,1,V,3,V,3,V,3,V,1,V,2,V,1,V,1,V,1,V,1,V,1,V,1,V,1,V,1,V,1,V,1,V,1,V
08,Barcelona,019,Barcelona,004,7,2020,7,27,1,V,1,V,1,V,1,V,1,V,2,V,5,V,24,V,36,V,28,V,23,V,10,V,5,V,3,V,2,V,3,V,5,V,4,V,3,V,3,V,3,V,4,V,5,V,3,V
08,Barcelona,019,Barcelona,004,7,2020,7,28,3,V,3,V,3,V,7,V,3,V,7,V,7,V,27,V,35,V,47,V,16,V,4,V,3,V,2,V,1,V,2,V,1,V,5,V,2,V,1,V,1,V,1,V,1,V,3,V
08,Barcelona,019,Barcelona,004,7,2020,7,29,2,V,1,V,1,V,1,V,2,V,3,V,7,V,,N,,N,,N,,N,,N,,N,,N,,N,,N,,N,,N,,N,,N,,N,,N,,N,,N
08,Barcelona,019,Barcelona,042,7,2020,7,26,1,V,2,V,1,V,1,V,1,V,1,V,1,V,1,V,1,V,1,V,1,V,2,V,1,V,3,V,2,V,2,V,1,V,1,V,1,V,1,V,1,V,1,V,1,V,1,V
08,Barcelona,019,Barcelona,042,7,2020,7,27,1,V,1,V,1,V,1,V,1,V,1,V,4,V,3,V,8,V,9,V,3,V,4,V,3,V,3,V,2,V,2,V,2,V,3,V,2,V,1,V,1,V,1,V,1,V,1,V
08,Barcelona,019,Barcelona,042,7,2020,7,28,2,V,1,V,1,V,1,V,1,V,1,V,1,V,2,V,4,V,9,V,17,V,6,V,2,V,2,V,2,V,1,V,1,V,1,V,2,V,1,V,1,V,1,V,1,V,1,V
08,Barcelona,019,Barcelona,042,7,2020,7,29,1,V,1,V,1,V,1,V,1,V,1,V,1,V,,N,,N,,N,,N,,N,,N,,N,,N,,N,,N,,N,,N,,N,,N,,N,,N,,N
08,Barcelona,019,Barcelona,054,7,2020,7,26,1,V,2,V,1,V,1,V,1,V,1,V,1,V,1,V,1,V,1,V,2,V,2,V,1,V,1,V,1,V,1,V,1,V,1,V,1,V,1,V,1,V,1,V,1,V,1,V
08,Barcelona,019,Barcelona,054,7,2020,7,27,1,V,1,V,1,V,1,V,3,V,4,V,3,V,11,V,4,V,3,V,2,V,2,V,2,V,,N,,N,,N,1,V,1,V,1,V,1,V,1,V,1,V,1,V,1,V
08,Barcelona,019,Barcelona,054,7,2020,7,28,1,V,1,V,1,V,1,V,1,V,2,V,4,V,13,V,11,V,11,V,7,V,7,V,2,V,1,V,2,V,3,V,2,V,2,V,3,V,2,V,1,V,1,V,1,V,1,V
08,Barcelona,019,Barcelona,054,7,2020,7,29,2,V,1,V,1,V,1,V,1,V,6,V,7,V,,N,,N,,N,,N,,N,,N,,N,,N,,N,,N,,N,,N,,N,,N,,N,,N,,N
08,Barcelona,019,Barcelona,050,8,2020,7,26,10,V,8,V,4,V,2,V,6,V,6,V,9,V,16,V,16,V,21,V,18,V,8,V,6,V,3,V,3,V,2,V,2,V,2,V,2,V,2,V,3,V,2,V,5,V,2,V
08,Barcelona,019,Barcelona,050,8,2020,7,27,2,V,2,V,2,V,3,V,8,V,11,V,18,V,31,V,44,V,59,V,80,V,33,V,15,V,11,V,11,V,11,V,15,V,12,V,14,V,22,V,39,V,37,V,57,V,47,V
08,Barcelona,019,Barcelona,050,8,2020,7,28,24,V,17,V,20,V,39,V,48,V,42,V,40,V,46,V,59,V,67,V,56,V,14,V,6,V,3,V,2,V,2,V,2,V,4,V,2,V,2,V,2,V,4,V,6,V,3,V
08,Barcelona,019,Barcelona,050,8,2020,7,29,2,V,6,V,7,V,8,V,19,V,23,V,32,V,,N,,N,,N,,N,,N,,N,,N,,N,,N,,N,,N,,N,,N,,N,,N,,N,,N
08,Barcelona,019,Barcelona,043,8,2020,7,26,15,V,8,V,9,V,8,V,8,V,6,V,13,V,12,V,12,V,10,V,35,V,32,V,17,V,12,V,11,V,7,V,7,V,9,V,16,V,26,V,19,V,16,V,16,V,15,V
08,Barcelona,019,Barcelona,043,8,2020,7,27,17,V,17,V,9,V,16,V,13,V,11,V,23,V,37,V,36,V,46,V,43,V,51,V,50,V,43,V,37,V,36,V,36,V,38,V,35,V,41,V,37,V,33,V,29,V,30,V
08,Barcelona,019,Barcelona,043,8,2020,7,28,19,V,12,V,15,V,39,V,45,V,33,V,27,V,47,V,64,V,78,V,98,V,46,V,,N,,N,,N,23,V,27,V,30,V,33,V,37,V,31,V,21,V,14,V,14,V
08,Barcelona,019,Barcelona,043,8,2020,7,29,19,V,20,V,23,V,17,V,17,V,25,V,35,V,,N,,N,,N,,N,,N,,N,,N,,N,,N,,N,,N,,N,,N,,N,,N,,N,,N
08,Barcelona,019,Barcelona,044,8,2020,7,26,13,V,8,V,7,V,12,V,10,V,11,V,25,V,19,V,9,V,9,V,34,V,19,V,13,V,8,V,7,V,11,V,8,V,7,V,6,V,12,V,12,V,9,V,13,V,15,V
08,Barcelona,019,Barcelona,044,8,2020,7,27,19,V,12,V,15,V,16,V,14,V,17,V,28,V,47,V,61,V,46,V,39,V,45,V,42,V,37,V,27,V,25,V,31,V,31,V,35,V,31,V,29,V,28,V,31,V,28,V
08,Barcelona,019,Barcelona,044,8,2020,7,28,20,V,17,V,21,V,37,V,40,V,28,V,33,V,38,V,44,V,74,V,91,V,45,V,26,V,28,V,19,V,22,V,25,V,22,V,34,V,30,V,29,V,19,V,16,V,10,V
08,Barcelona,019,Barcelona,044,8,2020,7,29,7,V,9,V,11,V,13,V,15,V,21,V,30,V,,N,,N,,N,,N,,N,,N,,N,,N,,N,,N,,N,,N,,N,,N,,N,,N,,N
08,Barcelona,019,Barcelona,058,8,2020,7,26,1,V,2,V,1,V,1,V,32,V,26,V,4,V,6,V,7,V,2,V,9,V,18,V,10,V,5,V,3,V,2,V,2,V,3,V,3,V,7,V,11,V,5,V,5,V,4,V
08,Barcelona,019,Barcelona,058,8,2020,7,27,5,V,6,V,5,V,10,V,51,V,1,V,1,V,1,V,1,V,1,V,,N,,N,13,V,12,V,10,V,8,V,10,V,10,V,11,V,13,V,14,V,6,V,2,V,9,V
08,Barcelona,019,Barcelona,058,8,2020,7,28,3,V,14,V,8,V,3,V,13,V,15,V,30,V,12,V,3,V,27,V,27,V,55,V,22,V,9,V,13,V,13,V,14,V,20,V,25,V,28,V,17,V,28,V,12,V,5,V
08,Barcelona,019,Barcelona,058,8,2020,7,29,6,V,6,V,5,V,3,V,4,V,2,V,3,V,,N,,N,,N,,N,,N,,N,,N,,N,,N,,N,,N,,N,,N,,N,,N,,N,,N
08,Barcelona,019,Barcelona,057,8,2020,7,26,,N,,N,,N,,N,,N,,N,,N,,N,,N,,N,,N,,N,,N,,N,,N,,N,,N,,N,,N,,N,,N,,N,,N,,N
08,Barcelona,019,Barcelona,057,8,2020,7,27,,N,,N,,N,,N,,N,,N,,N,,N,,N,,N,,N,,N,,N,,N,,N,,N,,N,,N,,N,,N,,N,,N,,N,,N
08,Barcelona,019,Barcelona,057,8,2020,7,28,,N,,N,,N,,N,,N,,N,,N,,N,,N,,N,,N,,N,22,V,12,V,10,V,10,V,11,V,14,V,19,V,22,V,26,V,16,V,16,V,10,V
08,Barcelona,019,Barcelona,057,8,2020,7,29,6,V,7,V,7,V,8,V,9,V,12,V,18,V,,N,,N,,N,,N,,N,,N,,N,,N,,N,,N,,N,,N,,N,,N,,N,,N,,N
08,Barcelona,019,Barcelona,004,8,2020,7,26,14,V,10,V,12,V,23,V,21,V,20,V,20,V,18,V,17,V,19,V,20,V,11,V,10,V,8,V,7,V,5,V,5,V,6,V,6,V,7,V,7,V,7,V,7,V,5,V
08,Barcelona,019,Barcelona,004,8,2020,7,27,5,V,4,V,6,V,14,V,15,V,27,V,39,V,49,V,52,V,53,V,61,V,42,V,28,V,21,V,15,V,16,V,23,V,20,V,19,V,22,V,32,V,50,V,64,V,50,V
08,Barcelona,019,Barcelona,004,8,2020,7,28,45,V,43,V,57,V,53,V,45,V,52,V,53,V,61,V,62,V,72,V,56,V,20,V,13,V,9,V,8,V,7,V,6,V,13,V,10,V,7,V,8,V,9,V,8,V,8,V
08,Barcelona,019,Barcelona,004,8,2020,7,29,10,V,11,V,11,V,22,V,34,V,37,V,43,V,,N,,N,,N,,N,,N,,N,,N,,N,,N,,N,,N,,N,,N,,N,,N,,N,,N
08,Barcelona,019,Barcelona,042,8,2020,7,26,7,V,9,V,5,V,6,V,8,V,5,V,13,V,13,V,11,V,5,V,7,V,18,V,13,V,19,V,11,V,12,V,5,V,5,V,7,V,8,V,12,V,7,V,7,V,8,V
08,Barcelona,019,Barcelona,042,8,2020,7,27,9,V,8,V,16,V,14,V,11,V,13,V,24,V,40,V,51,V,43,V,18,V,29,V,20,V,17,V,12,V,12,V,12,V,15,V,13,V,14,V,17,V,16,V,16,V,19,V
08,Barcelona,019,Barcelona,042,8,2020,7,28,14,V,8,V,16,V,32,V,41,V,32,V,19,V,32,V,39,V,50,V,73,V,35,V,18,V,11,V,10,V,8,V,9,V,10,V,15,V,13,V,15,V,12,V,10,V,9,V
08,Barcelona,019,Barcelona,042,8,2020,7,29,15,V,14,V,13,V,13,V,12,V,16,V,19,V,,N,,N,,N,,N,,N,,N,,N,,N,,N,,N,,N,,N,,N,,N,,N,,N,,N
08,Barcelona,019,Barcelona,054,8,2020,7,26,19,V,17,V,20,V,16,V,24,V,22,V,13,V,12,V,11,V,6,V,13,V,17,V,10,V,8,V,4,V,3,V,3,V,3,V,4,V,5,V,9,V,9,V,8,V,6,V
08,Barcelona,019,Barcelona,054,8,2020,7,27,14,V,25,V,22,V,22,V,42,V,52,V,40,V,50,V,27,V,19,V,12,V,16,V,19,V,,N,,N,,N,10,V,12,V,13,V,13,V,22,V,20,V,35,V,37,V
08,Barcelona,019,Barcelona,054,8,2020,7,28,31,V,34,V,36,V,27,V,27,V,42,V,42,V,54,V,46,V,43,V,37,V,41,V,17,V,8,V,14,V,17,V,14,V,18,V,23,V,24,V,20,V,24,V,9,V,5,V
08,Barcelona,019,Barcelona,054,8,2020,7,29,9,V,13,V,11,V,12,V,16,V,26,V,39,V,,N,,N,,N,,N,,N,,N,,N,,N,,N,,N,,N,,N,,N,,N,,N,,N,,N
08,Barcelona,019,Barcelona,050,12,2020,7,26,11,V,9,V,5,V,3,V,7,V,7,V,10,V,18,V,19,V,26,V,21,V,10,V,7,V,5,V,4,V,3,V,3,V,3,V,3,V,3,V,4,V,3,V,8,V,3,V
08,Barcelona,019,Barcelona,050,12,2020,7,27,3,V,3,V,3,V,5,V,8,V,12,V,22,V,54,V,88,V,98,V,124,V,45,V,18,V,13,V,14,V,14,V,20,V,15,V,17,V,25,V,42,V,39,V,68,V,51,V
08,Barcelona,019,Barcelona,050,12,2020,7,28,25,V,19,V,21,V,41,V,52,V,44,V,45,V,63,V,90,V,104,V,73,V,18,V,7,V,4,V,3,V,4,V,3,V,6,V,3,V,3,V,2,V,5,V,10,V,4,V
08,Barcelona,019,Barcelona,050,12,2020,7,29,3,V,7,V,8,V,9,V,20,V,24,V,35,V,,N,,N,,N,,N,,N,,N,,N,,N,,N,,N,,N,,N,,N,,N,,N,,N,,N
08,Barcelona,019,Barcelona,043,12,2020,7,26,21,V,10,V,13,V,9,V,9,V,7,V,15,V,15,V,14,V,14,V,50,V,45,V,26,V,20,V,16,V,10,V,11,V,14,V,24,V,34,V,27,V,24,V,23,V,21,V
08,Barcelona,019,Barcelona,043,12,2020,7,27,25,V,21,V,10,V,18,V,15,V,12,V,26,V,50,V,43,V,69,V,71,V,89,V,84,V,72,V,64,V,58,V,60,V,56,V,55,V,65,V,54,V,45,V,36,V,41,V
08,Barcelona,019,Barcelona,043,12,2020,7,28,23,V,14,V,17,V,44,V,51,V,37,V,37,V,72,V,118,V,156,V,190,V,80,V,,N,,N,,N,42,V,47,V,49,V,51,V,65,V,50,V,28,V,23,V,20,V
08,Barcelona,019,Barcelona,043,12,2020,7,29,25,V,25,V,33,V,18,V,19,V,29,V,49,V,,N,,N,,N,,N,,N,,N,,N,,N,,N,,N,,N,,N,,N,,N,,N,,N,,N
08,Barcelona,019,Barcelona,044,12,2020,7,26,13,V,7,V,7,V,12,V,10,V,10,V,26,V,20,V,9,V,9,V,47,V,23,V,16,V,8,V,10,V,17,V,11,V,9,V,7,V,14,V,14,V,10,V,16,V,15,V
08,Barcelona,019,Barcelona,044,12,2020,7,27,20,V,13,V,17,V,16,V,14,V,18,V,32,V,64,V,89,V,58,V,51,V,60,V,56,V,52,V,33,V,33,V,40,V,40,V,53,V,42,V,33,V,29,V,33,V,28,V
08,Barcelona,019,Barcelona,044,12,2020,7,28,21,V,18,V,23,V,44,V,51,V,33,V,40,V,52,V,65,V,115,V,136,V,64,V,38,V,43,V,29,V,35,V,44,V,29,V,49,V,37,V,34,V,24,V,18,V,12,V
08,Barcelona,019,Barcelona,044,12,2020,7,29,8,V,9,V,13,V,17,V,16,V,25,V,42,V,,N,,N,,N,,N,,N,,N,,N,,N,,N,,N,,N,,N,,N,,N,,N,,N,,N
08,Barcelona,019,Barcelona,058,12,2020,7,26,1,V,2,V,1,V,1,V,43,V,47,V,4,V,7,V,8,V,2,V,11,V,22,V,11,V,5,V,3,V,3,V,2,V,3,V,4,V,7,V,11,V,5,V,5,V,4,V
08,Barcelona,019,Barcelona,058,12,2020,7,27,5,V,6,V,5,V,11,V,71,V,1,V,1,V,1,V,1,V,1,V,,N,,N,15,V,14,V,12,V,9,V,11,V,11,V,12,V,14,V,14,V,6,V,2,V,9,V
08,Barcelona,019,Barcelona,058,12,2020,7,28,3,V,14,V,8,V,3,V,13,V,15,V,30,V,12,V,3,V,33,V,33,V,70,V,26,V,10,V,16,V,16,V,18,V,24,V,29,V,31,V,18,V,29,V,12,V,5,V
08,Barcelona,019,Barcelona,058,12,2020,7,29,6,V,6,V,5,V,3,V,3,V,2,V,3,V,,N,,N,,N,,N,,N,,N,,N,,N,,N,,N,,N,,N,,N,,N,,N,,N,,N
08,Barcelona,019,Barcelona,057,12,2020,7,26,,N,,N,,N,,N,,N,,N,,N,,N,,N,,N,,N,,N,,N,,N,,N,,N,,N,,N,,N,,N,,N,,N,,N,,N
08,Barcelona,019,Barcelona,057,12,2020,7,27,,N,,N,,N,,N,,N,,N,,N,,N,,N,,N,,N,,N,,N,,N,,N,,N,,N,,N,,N,,N,,N,,N,,N,,N
08,Barcelona,019,Barcelona,057,12,2020,7,28,,N,,N,,N,,N,,N,,N,,N,,N,,N,,N,,N,,N,27,V,15,V,12,V,12,V,13,V,17,V,21,V,24,V,28,V,17,V,17,V,11,V
08,Barcelona,019,Barcelona,057,12,2020,7,29,7,V,7,V,7,V,9,V,9,V,12,V,19,V,,N,,N,,N,,N,,N,,N,,N,,N,,N,,N,,N,,N,,N,,N,,N,,N,,N
08,Barcelona,019,Barcelona,004,12,2020,7,26,15,V,11,V,13,V,24,V,23,V,21,V,22,V,20,V,21,V,23,V,25,V,13,V,12,V,9,V,8,V,6,V,5,V,7,V,7,V,7,V,9,V,8,V,8,V,6,V
08,Barcelona,019,Barcelona,004,12,2020,7,27,5,V,4,V,6,V,14,V,17,V,29,V,46,V,86,V,107,V,95,V,97,V,58,V,36,V,26,V,18,V,20,V,30,V,26,V,23,V,27,V,37,V,56,V,72,V,54,V
08,Barcelona,019,Barcelona,004,12,2020,7,28,49,V,47,V,62,V,63,V,49,V,63,V,64,V,101,V,116,V,143,V,80,V,26,V,18,V,12,V,10,V,9,V,8,V,20,V,13,V,9,V,8,V,10,V,9,V,11,V
08,Barcelona,019,Barcelona,004,12,2020,7,29,12,V,12,V,12,V,23,V,37,V,41,V,54,V,,N,,N,,N,,N,,N,,N,,N,,N,,N,,N,,N,,N,,N,,N,,N,,N,,N
08,Barcelona,019,Barcelona,042,12,2020,7,26,8,V,12,V,6,V,6,V,9,V,5,V,14,V,14,V,13,V,5,V,8,V,21,V,16,V,24,V,13,V,14,V,6,V,7,V,9,V,9,V,13,V,7,V,8,V,8,V
08,Barcelona,019,Barcelona,042,12,2020,7,27,9,V,8,V,17,V,15,V,12,V,14,V,30,V,44,V,64,V,56,V,21,V,35,V,24,V,21,V,14,V,14,V,14,V,19,V,15,V,16,V,18,V,18,V,17,V,20,V
08,Barcelona,019,Barcelona,042,12,2020,7,28,16,V,9,V,17,V,33,V,43,V,33,V,21,V,35,V,45,V,63,V,98,V,44,V,21,V,14,V,12,V,10,V,12,V,13,V,17,V,15,V,16,V,13,V,10,V,10,V
08,Barcelona,019,Barcelona,042,12,2020,7,29,16,V,15,V,14,V,14,V,13,V,17,V,21,V,,N,,N,,N,,N,,N,,N,,N,,N,,N,,N,,N,,N,,N,,N,,N,,N,,N
08,Barcelona,019,Barcelona,054,12,2020,7,26,19,V,20,V,22,V,17,V,25,V,23,V,14,V,13,V,13,V,7,V,16,V,21,V,12,V,9,V,4,V,4,V,3,V,4,V,4,V,5,V,9,V,9,V,8,V,6,V
08,Barcelona,019,Barcelona,054,12,2020,7,27,14,V,26,V,23,V,22,V,47,V,58,V,45,V,67,V,33,V,23,V,14,V,20,V,23,V,,N,,N,,N,12,V,14,V,14,V,14,V,23,V,20,V,36,V,39,V
08,Barcelona,019,Barcelona,054,12,2020,7,28,32,V,35,V,38,V,29,V,27,V,45,V,48,V,74,V,62,V,59,V,47,V,51,V,20,V,10,V,17,V,21,V,18,V,21,V,27,V,27,V,21,V,24,V,9,V,5,V
08,Barcelona,019,Barcelona,054,12,2020,7,29,9,V,13,V,12,V,12,V,17,V,35,V,49,V,,N,,N,,N,,N,,N,,N,,N,,N,,N,,N,,N,,N,,N,,N,,N,,N,,N
08,Barcelona,019,Barcelona,050,14,2020,7,26,63,V,66,V,73,V,74,V,62,V,55,V,42,V,27,V,46,V,53,V,78,V,89,V,96,V,93,V,97,V,97,V,97,V,94,V,89,V,89,V,84,V,81,V,76,V,76,V
08,Barcelona,019,Barcelona,050,14,2020,7,27,70,V,59,V,52,V,47,V,42,V,28,V,11,V,3,V,5,V,14,V,25,V,61,V,81,V,91,V,94,V,87,V,79,V,83,V,76,V,59,V,43,V,48,V,26,V,30,V
08,Barcelona,019,Barcelona,050,14,2020,7,28,44,V,44,V,27,V,10,V,5,V,10,V,8,V,6,V,9,V,13,V,33,V,70,V,79,V,81,V,80,V,78,V,81,V,83,V,83,V,77,V,74,V,66,V,55,V,60,V
08,Barcelona,019,Barcelona,050,14,2020,7,29,63,V,57,V,54,V,44,V,26,V,15,V,9,V,,N,,N,,N,,N,,N,,N,,N,,N,,N,,N,,N,,N,,N,,N,,N,,N,,N
08,Barcelona,019,Barcelona,043,14,2020,7,26,67,V,67,V,63,V,58,V,58,V,60,V,50,V,50,V,63,V,72,V,59,V,68,V,92,V,94,V,95,V,102,V,103,V,97,V,85,V,74,V,80,V,81,V,78,V,74,V
08,Barcelona,019,Barcelona,043,14,2020,7,27,65,V,62,V,63,V,49,V,45,V,46,V,33,V,23,V,34,V,37,V,44,V,42,V,55,V,55,V,59,V,62,V,64,V,66,V,63,V,58,V,52,V,55,V,54,V,55,V
08,Barcelona,019,Barcelona,043,14,2020,7,28,53,V,60,V,49,V,20,V,11,V,25,V,33,V,23,V,20,V,11,V,13,V,50,V,,N,,N,,N,74,V,71,V,72,V,66,V,57,V,57,V,64,V,61,V,58,V
08,Barcelona,019,Barcelona,043,14,2020,7,29,55,V,51,V,47,V,46,V,46,V,34,V,28,V,,N,,N,,N,,N,,N,,N,,N,,N,,N,,N,,N,,N,,N,,N,,N,,N,,N
08,Barcelona,019,Barcelona,044,14,2020,7,26,64,V,71,V,70,V,61,V,60,V,67,V,44,V,47,V,71,V,70,V,59,V,81,V,95,V,96,V,96,V,94,V,95,V,91,V,90,V,84,V,87,V,84,V,79,V,73,V
08,Barcelona,019,Barcelona,044,14,2020,7,27,60,V,63,V,57,V,49,V,49,V,48,V,39,V,18,V,17,V,42,V,55,V,60,V,64,V,69,V,78,V,71,V,70,V,73,V,65,V,68,V,63,V,65,V,50,V,46,V
08,Barcelona,019,Barcelona,044,14,2020,7,28,55,V,51,V,37,V,17,V,18,V,28,V,25,V,29,V,29,V,17,V,21,V,54,V,69,V,73,V,74,V,70,V,67,V,75,V,64,V,60,V,55,V,63,V,59,V,61,V
08,Barcelona,019,Barcelona,044,14,2020,7,29,63,V,61,V,59,V,49,V,44,V,32,V,26,V,,N,,N,,N,,N,,N,,N,,N,,N,,N,,N,,N,,N,,N,,N,,N,,N,,N
08,Barcelona,019,Barcelona,058,14,2020,7,26,96,V,96,V,97,V,98,V,64,V,74,V,99,V,90,V,82,V,96,V,97,V,102,V,118,V,119,V,115,V,116,V,111,V,109,V,104,V,94,V,93,V,95,V,93,V,92,V
08,Barcelona,019,Barcelona,058,14,2020,7,27,95,V,92,V,92,V,88,V,43,V,104,V,102,V,105,V,108,V,101,V,,N,,N,113,V,112,V,118,V,105,V,103,V,100,V,99,V,99,V,92,V,99,V,104,V,90,V
08,Barcelona,019,Barcelona,058,14,2020,7,28,104,V,91,V,102,V,105,V,81,V,76,V,59,V,92,V,107,V,79,V,87,V,63,V,89,V,106,V,99,V,99,V,97,V,93,V,88,V,79,V,90,V,65,V,76,V,78,V
08,Barcelona,019,Barcelona,058,14,2020,7,29,80,V,82,V,83,V,85,V,86,V,82,V,77,V,,N,,N,,N,,N,,N,,N,,N,,N,,N,,N,,N,,N,,N,,N,,N,,N,,N
08,Barcelona,019,Barcelona,057,14,2020,7,26,57,V,60,V,55,V,46,V,44,V,55,V,41,V,43,V,61,V,76,V,85,V,84,V,93,V,88,V,94,V,89,V,93,V,91,V,82,V,77,V,74,V,72,V,70,V,68,V
08,Barcelona,019,Barcelona,057,14,2020,7,27,61,V,41,V,37,V,32,V,31,V,31,V,27,V,18,V,27,V,55,V,78,V,80,V,88,V,94,V,100,V,90,V,93,V,91,V,95,V,91,V,83,V,68,V,47,V,59,V
08,Barcelona,019,Barcelona,057,14,2020,7,28,56,V,45,V,49,V,46,V,47,V,37,V,24,V,20,V,25,V,,N,,N,,N,66,V,79,V,80,V,78,V,81,V,81,V,76,V,64,V,51,V,57,V,53,V,53,V
08,Barcelona,019,Barcelona,057,14,2020,7,29,58,V,64,V,67,V,58,V,49,V,42,V,34,V,,N,,N,,N,,N,,N,,N,,N,,N,,N,,N,,N,,N,,N,,N,,N,,N,,N
08,Barcelona,019,Barcelona,054,14,2020,7,26,55,V,53,V,45,V,45,V,35,V,33,V,53,V,52,V,58,V,72,V,79,V,100,V,115,V,111,V,110,V,109,V,107,V,105,V,99,V,94,V,95,V,89,V,88,V,84,V
08,Barcelona,019,Barcelona,054,14,2020,7,27,63,V,42,V,47,V,44,V,23,V,17,V,33,V,30,V,45,V,59,V,84,V,95,V,105,V,,N,,N,,N,101,V,97,V,97,V,96,V,82,V,80,V,53,V,47,V
08,Barcelona,019,Barcelona,054,14,2020,7,28,52,V,48,V,44,V,54,V,49,V,21,V,19,V,11,V,18,V,33,V,53,V,68,V,83,V,93,V,85,V,79,V,80,V,84,V,77,V,71,V,65,V,64,V,68,V,74,V
08,Barcelona,019,Barcelona,054,14,2020,7,29,61,V,55,V,62,V,53,V,36,V,23,V,17,V,,N,,N,,N,,N,,N,,N,,N,,N,,N,,N,,N,,N,,N,,N,,N,,N,,N
08,Barcelona,019,Barcelona,043,10,2020,7,26,15,V,15,V,13,V,13,V,14,V,13,V,14,V,16,V,22,V,20,V,25,V,28,V,26,V,25,V,25,V,23,V,21,V,21,V,21,V,22,V,23,V,22,V,20,V,18,V
08,Barcelona,019,Barcelona,043,10,2020,7,27,17,V,16,V,16,V,16,V,17,V,15,V,17,V,20,V,25,V,29,V,29,V,34,V,44,V,37,V,34,V,30,V,29,V,29,V,30,V,30,V,30,V,32,V,30,V,26,V
08,Barcelona,019,Barcelona,043,10,2020,7,28,23,V,18,V,16,V,17,V,19,V,31,V,26,V,23,V,27,V,43,V,62,V,57,V,39,V,30,V,27,V,27,V,29,V,29,V,30,V,34,V,35,V,33,V,27,V,20,V
08,Barcelona,019,Barcelona,043,10,2020,7,29,20,V,19,V,19,V,23,V,22,V,23,V,30,V,,N,,N,,N,,N,,N,,N,,N,,N,,N,,N,,N,,N,,N,,N,,N,,N,,N
08,Barcelona,019,Barcelona,044,10,2020,7,26,16,V,14,V,11,V,11,V,14,V,13,V,14,V,15,V,17,V,18,V,28,V,29,V,27,V,30,V,27,V,22,V,20,V,20,V,20,V,19,V,22,V,22,V,18,V,15,V
08,Barcelona,019,Barcelona,044,10,2020,7,27,14,V,15,V,15,V,14,V,16,V,14,V,13,V,20,V,27,V,19,V,19,V,30,V,48,V,37,V,27,V,24,V,22,V,24,V,34,V,24,V,22,V,22,V,33,V,29,V
08,Barcelona,019,Barcelona,044,10,2020,7,28,23,V,19,V,12,V,10,V,12,V,34,V,29,V,21,V,22,V,32,V,50,V,59,V,50,V,31,V,27,V,31,V,27,V,27,V,30,V,28,V,28,V,27,V,29,V,21,V
08,Barcelona,019,Barcelona,044,10,2020,7,29,17,V,13,V,13,V,18,V,19,V,25,V,28,V,,N,,N,,N,,N,,N,,N,,N,,N,,N,,N,,N,,N,,N,,N,,N,,N,,N
08,Barcelona,019,Barcelona,058,10,2020,7,26,14,V,9,V,8,V,13,V,10,V,8,V,4,V,15,V,16,V,21,V,24,V,30,V,25,V,21,V,18,V,15,V,22,V,17,V,21,V,16,V,21,V,17,V,13,V,10,V
08,Barcelona,019,Barcelona,058,10,2020,7,27,8,V,16,V,8,V,10,V,7,V,1,V,14,V,7,V,4,V,18,V,20,V,24,V,40,V,22,V,23,V,12,V,17,V,18,V,13,V,20,V,34,V,13,V,3,V,29,V
08,Barcelona,019,Barcelona,058,10,2020,7,28,6,V,16,V,21,V,15,V,23,V,28,V,22,V,6,V,8,V,36,V,24,V,68,V,46,V,25,V,25,V,19,V,21,V,27,V,18,V,23,V,13,V,41,V,29,V,16,V
08,Barcelona,019,Barcelona,058,10,2020,7,29,6,V,12,V,13,V,14,V,17,V,13,V,16,V,,N,,N,,N,,N,,N,,N,,N,,N,,N,,N,,N,,N,,N,,N,,N,,N,,N
08,Barcelona,019,Barcelona,057,10,2020,7,26,17,V,6,V,8,V,6,V,12,V,15,V,9,V,10,V,17,V,14,V,13,V,30,V,26,V,21,V,24,V,16,V,16,V,14,V,30,V,20,V,20,V,25,V,18,V,8,V
08,Barcelona,019,Barcelona,057,10,2020,7,27,10,V,10,V,9,V,12,V,12,V,9,V,5,V,11,V,16,V,5,V,15,V,44,V,49,V,26,V,22,V,9,V,13,V,17,V,21,V,19,V,25,V,45,V,33,V,27,V
08,Barcelona,019,Barcelona,057,10,2020,7,28,21,V,13,V,1,V,1,V,14,V,27,V,49,V,21,V,5,V,28,V,34,V,47,V,111,V,50,V,17,V,28,V,25,V,23,V,21,V,30,V,38,V,26,V,29,V,24,V
08,Barcelona,019,Barcelona,057,10,2020,7,29,11,V,3,V,5,V,14,V,16,V,16,V,15,V,,N,,N,,N,,N,,N,,N,,N,,N,,N,,N,,N,,N,,N,,N,,N,,N,,N
08,Barcelona,019,Barcelona,004,10,2020,7,26,13,V,15,V,8,V,17,V,21,V,18,V,19,V,19,V,23,V,31,V,35,V,34,V,31,V,24,V,20,V,28,V,27,V,22,V,23,V,30,V,18,V,16,V,14,V,11,V
08,Barcelona,019,Barcelona,004,10,2020,7,27,13,V,14,V,13,V,13,V,15,V,16,V,22,V,28,V,38,V,45,V,,N,,N,47,V,39,V,33,V,28,V,28,V,26,V,36,V,42,V,67,V,35,V,32,V,31,V
08,Barcelona,019,Barcelona,004,10,2020,7,28,24,V,21,V,25,V,23,V,24,V,27,V,27,V,34,V,41,V,69,V,55,V,39,V,34,V,23,V,23,V,23,V,22,V,24,V,23,V,22,V,28,V,27,V,20,V,17,V
08,Barcelona,019,Barcelona,004,10,2020,7,29,18,V,19,V,18,V,21,V,25,V,30,V,30,V,,N,,N,,N,,N,,N,,N,,N,,N,,N,,N,,N,,N,,N,,N,,N,,N,,N
08,Barcelona,019,Barcelona,054,10,2020,7,26,14,V,14,V,11,V,11,V,11,V,10,V,11,V,14,V,13,V,14,V,18,V,22,V,20,V,17,V,17,V,16,V,14,V,15,V,16,V,16,V,18,V,17,V,15,V,14,V
08,Barcelona,019,Barcelona,054,10,2020,7,27,14,V,14,V,11,V,11,V,11,V,14,V,14,V,19,V,19,V,18,V,19,V,19,V,27,V,23,V,21,V,19,V,20,V,20,V,18,V,18,V,22,V,31,V,26,V,21,V
08,Barcelona,019,Barcelona,054,10,2020,7,28,20,V,12,V,15,V,15,V,14,V,18,V,21,V,22,V,27,V,30,V,26,V,33,V,30,V,20,V,17,V,19,V,21,V,19,V,21,V,20,V,23,V,25,V,19,V,16,V
08,Barcelona,019,Barcelona,054,10,2020,7,29,15,V,17,V,16,V,18,V,19,V,19,V,22,V,,N,,N,,N,,N,,N,,N,,N,,N,,N,,N,,N,,N,,N,,N,,N,,N,,N
08,Barcelona,019,Barcelona,043,1,2020,7,26,1,V,1,V,1,V,1,V,1,V,1,V,1,V,1,V,1,V,1,V,1,V,1,V,1,V,1,V,1,V,1,V,1,V,1,V,1,V,1,V,1,V,1,V,1,V,1,V
08,Barcelona,019,Barcelona,043,1,2020,7,27,1,V,1,V,1,V,1,V,1,V,1,V,1,V,1,V,1,V,1,V,1,V,1,V,1,V,1,V,1,V,1,V,1,V,1,V,1,V,1,V,1,V,1,V,1,V,1,V
08,Barcelona,019,Barcelona,043,1,2020,7,28,1,V,1,V,1,V,1,V,1,V,1,V,1,V,1,V,1,V,1,V,1,V,1,V,,N,,N,,N,1,V,1,V,1,V,1,V,1,V,1,V,1,V,1,V,1,V
08,Barcelona,019,Barcelona,043,1,2020,7,29,1,V,1,V,1,V,1,V,1,V,1,V,1,V,,N,,N,,N,,N,,N,,N,,N,,N,,N,,N,,N,,N,,N,,N,,N,,N,,N
08,Barcelona,019,Barcelona,044,1,2020,7,26,1,V,1,V,1,V,1,V,1,V,1,V,1,V,1,V,1,V,1,V,1,V,2,V,1,V,1,V,1,V,1,V,1,V,1,V,1,V,1,V,1,V,1,V,1,V,1,V
08,Barcelona,019,Barcelona,044,1,2020,7,27,1,V,1,V,1,V,1,V,1,V,1,V,1,V,1,V,1,V,1,V,1,V,1,V,1,V,2,V,2,V,1,V,1,V,1,V,1,V,1,V,1,V,1,V,1,V,1,V
08,Barcelona,019,Barcelona,044,1,2020,7,28,1,V,1,V,1,V,1,V,1,V,1,V,1,V,1,V,1,V,1,V,1,V,1,V,1,V,1,V,1,V,1,V,1,V,1,V,1,V,1,V,1,V,1,V,1,V,1,V
08,Barcelona,019,Barcelona,044,1,2020,7,29,1,V,1,V,1,V,1,V,1,V,1,V,1,V,,N,,N,,N,,N,,N,,N,,N,,N,,N,,N,,N,,N,,N,,N,,N,,N,,N
08,Barcelona,019,Barcelona,057,1,2020,7,26,1,V,1,V,1,V,1,V,1,V,1,V,1,V,1,V,1,V,1,V,1,V,1,V,1,V,1,V,1,V,1,V,1,V,1,V,1,V,1,V,1,V,1,V,1,V,1,V
08,Barcelona,019,Barcelona,057,1,2020,7,27,1,V,1,V,1,V,1,V,1,V,1,V,1,V,1,V,1,V,1,V,1,V,1,V,1,V,1,V,1,V,1,V,1,V,1,V,1,V,1,V,1,V,1,V,1,V,1,V
08,Barcelona,019,Barcelona,057,1,2020,7,28,1,V,1,V,1,V,1,V,1,V,1,V,1,V,1,V,1,V,,N,,N,,N,2,V,1,V,1,V,1,V,1,V,1,V,1,V,1,V,1,V,1,V,1,V,1,V
08,Barcelona,019,Barcelona,057,1,2020,7,29,1,V,1,V,1,V,1,V,1,V,1,V,1,V,,N,,N,,N,,N,,N,,N,,N,,N,,N,,N,,N,,N,,N,,N,,N,,N,,N
08,Barcelona,019,Barcelona,054,1,2020,7,26,1,V,1,V,1,V,1,V,1,V,1,V,1,V,1,V,1,V,1,V,1,V,1,V,1,V,2,V,2,V,1,V,1,V,1,V,1,V,1,V,1,V,1,V,1,V,1,V
08,Barcelona,019,Barcelona,054,1,2020,7,27,1,V,1,V,1,V,1,V,1,V,1,V,1,V,1,V,1,V,1,V,1,V,1,V,1,V,,N,,N,,N,1,V,1,V,1,V,1,V,1,V,1,V,1,V,1,V
08,Barcelona,019,Barcelona,054,1,2020,7,28,1,V,1,V,1,V,1,V,1,V,1,V,1,V,1,V,1,V,1,V,2,V,1,V,1,V,1,V,1,V,1,V,1,V,1,V,1,V,1,V,1,V,1,V,1,V,1,V
08,Barcelona,019,Barcelona,054,1,2020,7,29,1,V,1,V,1,V,1,V,1,V,1,V,1,V,,N,,N,,N,,N,,N,,N,,N,,N,,N,,N,,N,,N,,N,,N,,N,,N,,N
08,Barcelona,019,Barcelona,043,22,2020,7,26,953,V,709,V,658,V,537,V,563,V,609,V,592,V,826,V,757,V,880,V,1783,V,1862,V,1190,V,1155,V,1186,V,963,V,1037,V,1040,V,1600,V,2489,V,1696,V,1094,V,1150,V,1134,V
08,Barcelona,019,Barcelona,043,22,2020,7,27,1138,V,762,V,,N,1016,V,1059,V,925,V,1271,V,2310,V,2129,V,3104,V,2846,V,4012,V,2800,V,2540,V,2363,V,2091,V,2356,V,2574,V,2200,V,2906,V,2328,V,1982,V,1735,V,1330,V
08,Barcelona,019,Barcelona,043,22,2020,7,28,1105,V,897,V,854,V,1729,V,1703,V,1457,V,1473,V,2238,V,3809,V,6390,V,6471,V,3939,V,2623,V,2737,V,1986,V,1891,V,1943,V,1817,V,1855,V,2289,V,2198,V,1435,V,869,V,1081,V
08,Barcelona,019,Barcelona,043,22,2020,7,29,969,V,894,V,866,V,910,V,947,V,1322,V,3507,V,,N,,N,,N,,N,,N,,N,,N,,N,,N,,N,,N,,N,,N,,N,,N,,N,,N
08,Barcelona,019,Barcelona,043,999,2020,7,26,12.8,V,11.9,V,10.3,V,10.8,V,14.1,V,17.2,V,17.7,V,14.6,V,21.7,V,16.2,V,19.1,V,16.8,V,16,V,12.6,V,12.2,V,11.2,V,10.2,V,9.2,V,10,V,11.8,V,12.9,V,20.2,V,19.2,V,17.8,V
08,Barcelona,019,Barcelona,043,999,2020,7,27,16.8,V,17.9,V,7.6,V,17.7,V,22.7,V,20.5,V,19.1,V,13.8,V,13.1,V,12.5,V,11.1,V,13.8,V,13.4,V,11.7,V,12,V,11.7,V,10.5,V,9.9,V,10.3,V,10.6,V,11.7,V,14.6,V,18.2,V,18.2,V
08,Barcelona,019,Barcelona,043,999,2020,7,28,12.6,V,11.2,V,11.4,V,11.3,V,14.5,V,10.4,V,9,V,16.5,V,15.3,V,11.6,V,13.3,V,6.8,V,12.5,V,10,V,7.9,V,6.3,V,7.4,V,8.6,V,11.1,V,12.8,V,14.8,V,15,V,11.7,V,9.9,V
08,Barcelona,019,Barcelona,043,999,2020,7,29,9.8,V,8.3,V,9.9,V,10.7,V,13.2,V,8.7,V,9.4,V,,N,,N,,N,,N,,N,,N,,N,,N,,N,,N,,N,,N,,N,,N,,N,,N,,N
08,Barcelona,019,Barcelona,043,997,2020,7,26,3863.5,V,3862.9,V,3862.6,V,3862.1,V,3860.9,V,3860.7,V,3859,V,3857.6,V,3856.2,V,3853.6,V,3851.6,V,3851,V,3851,V,3851,V,3845.3,V,3840.1,V,3838.3,V,3838,V,3838,V,3838,V,3838,V,3838,V,3838,V,3838,V
08,Barcelona,019,Barcelona,043,997,2020,7,27,3838,V,3838,V,3838,V,3838,V,3838,V,3838,V,3849.5,V,3838,V,3837.8,V,3835.1,V,3827.8,V,3826,V,3826,V,3826.7,V,3826,V,3826,V,3826,V,3824.9,V,3820.5,V,3815.3,V,3813.1,V,3833.2,V,3838,V,3838,V
08,Barcelona,019,Barcelona,043,997,2020,7,28,3838,V,3838,V,3838,V,3838,V,3838,V,3836.5,V,3834.8,V,3832.4,V,3828.3,V,3826.4,V,3817,V,3813,V,3826,V,3825,V,3817.6,V,3814.2,V,3813,V,3813,V,3813,V,3813,V,3813,V,3837.7,V,3822.7,V,3820.1,V
08,Barcelona,019,Barcelona,043,997,2020,7,29,3816.7,V,3814.9,V,3814.2,V,3813.5,V,3813.4,V,3813,V,3813,V,,N,,N,,N,,N,,N,,N,,N,,N,,N,,N,,N,,N,,N,,N,,N,,N,,N
08,Barcelona,019,Barcelona,043,996,2020,7,26,1140.9,V,1141.4,V,1141.7,V,1142.2,V,1143.5,V,1143.6,V,1145.4,V,1146.8,V,1148.2,V,1150.7,V,1152.7,V,1153.3,V,1153.5,V,1153.3,V,1159.1,V,1164.3,V,1165.9,V,1166.4,V,1166.3,V,1166.4,V,1166.4,V,1166.4,V,1166.3,V,1166.3,V
08,Barcelona,019,Barcelona,043,996,2020,7,27,1166.4,V,1166.3,V,1166.3,V,1166.3,V,1166.3,V,1166.3,V,1155.1,V,1166.3,V,1166.6,V,1169.3,V,1176.5,V,1178.3,V,1178.3,V,1177.6,V,1178.2,V,1178.1,V,1178.3,V,1179.3,V,1183.7,V,1188.9,V,1191.1,V,1171.1,V,1166.3,V,1166.2,V
08,Barcelona,019,Barcelona,043,996,2020,7,28,1166.4,V,1166.3,V,1166.3,V,1166.3,V,1166.4,V,1167.9,V,1169.6,V,1171.9,V,1175.9,V,1178,V,1187.4,V,1191.3,V,1178.2,V,1179.2,V,1186.6,V,1190,V,1191.3,V,1191.2,V,1191.3,V,1191.2,V,1191.2,V,1166.7,V,1181.7,V,1184.3,V
08,Barcelona,019,Barcelona,043,996,2020,7,29,1187.5,V,1189.4,V,1190.2,V,1190.8,V,1190.8,V,1191.4,V,1191.3,V,,N,,N,,N,,N,,N,,N,,N,,N,,N,,N,,N,,N,,N,,N,,N,,N,,N
08,Barcelona,019,Barcelona,043,998,2020,7,26,5004.4,V,5004.2,V,5004.2,V,5004.4,V,5004.4,V,5004.2,V,5004.4,V,5004.3,V,5004.4,V,5004.3,V,5004.3,V,5004.3,V,5004.5,V,5004.3,V,5004.4,V,5004.3,V,5004.3,V,5004.4,V,5004.3,V,5004.4,V,5004.4,V,5004.4,V,5004.3,V,5004.3,V
08,Barcelona,019,Barcelona,043,998,2020,7,27,5004.4,V,5004.3,V,5004.3,V,5004.3,V,5004.3,V,5004.3,V,5004.6,V,5004.3,V,5004.4,V,5004.3,V,5004.3,V,5004.3,V,5004.3,V,5004.2,V,5004.2,V,5004.1,V,5004.3,V,5004.2,V,5004.2,V,5004.3,V,5004.2,V,5004.2,V,5004.3,V,5004.2,V
08,Barcelona,019,Barcelona,043,998,2020,7,28,5004.4,V,5004.3,V,5004.3,V,5004.3,V,5004.4,V,5004.4,V,5004.4,V,5004.3,V,5004.3,V,5004.4,V,5004.3,V,5004.3,V,5004.2,V,5004.2,V,5004.1,V,5004.2,V,5004.3,V,5004.2,V,5004.3,V,5004.2,V,5004.2,V,5004.4,V,5004.3,V,5004.4,V
08,Barcelona,019,Barcelona,043,998,2020,7,29,5004.2,V,5004.3,V,5004.3,V,5004.4,V,5004.2,V,5004.4,V,5004.3,V,,N,,N,,N,,N,,N,,N,,N,,N,,N,,N,,N,,N,,N,,N,,N,,N,,N
